0	48.45454545454545
1	92.14685314685315
2	61.72727272727273
3	47.60839160839161
4	17.594405594405593
5	55.12587412587413
6	25.06993006993007
7	23.0
8	6.433566433566433
9	5.958041958041958
10	5.678321678321678
11	6.6223776223776225
12	13.818181818181818
13	6.664335664335664
14	13.412587412587413
15	5.608391608391608
16	5.7272727272727275
17	5.965034965034965
18	5.923076923076923
19	6.713286713286713
20	6.1678321678321675
21	5.944055944055944
22	7.174825174825175
23	6.419580419580419
24	6.1678321678321675
25	12.216783216783217
26	5.426573426573427
27	6.258741258741258
28	6.20979020979021
29	5.524475524475524
30	6.601398601398602
31	6.678321678321678
32	5.986013986013986
33	13.615384615384615
34	6.160839160839161
35	6.7972027972027975
36	6.426573426573427
37	6.335664335664336
38	6.314685314685315
39	6.825174825174825
40	5.3076923076923075
41	5.328671328671328
42	6.020979020979021
43	6.111888111888112
44	5.601398601398602
45	5.3076923076923075
46	5.7972027972027975
47	5.629370629370629
48	5.853146853146853
49	5.804195804195804
50	6.5874125874125875
51	6.3426573426573425
52	5.776223776223776
53	5.5524475524475525
54	6.608391608391608
55	6.314685314685315
56	5.6223776223776225
57	5.909090909090909
58	6.2027972027972025
59	6.125874125874126
60	5.608391608391608
61	6.216783216783217
62	6.426573426573427
63	5.181818181818182
64	12.34965034965035
65	6.062937062937063
66	6.111888111888112
67	5.7972027972027975
68	6.2727272727272725
69	12.93006993006993
70	5.370629370629371
71	6.1678321678321675
72	5.391608391608392
73	6.083916083916084
74	5.601398601398602
75	5.391608391608392
76	5.888111888111888
77	5.538461538461538
78	5.958041958041958
79	5.27972027972028
80	4.573426573426573
81	5.510489510489511
82	5.4475524475524475
83	5.713286713286713
84	6.293706293706293
85	5.244755244755245
86	5.503496503496503
87	4.566433566433567
88	5.13986013986014
89	5.818181818181818
90	4.944055944055944
91	5.111888111888112
92	4.685314685314685
93	5.0
94	5.741258741258742
95	5.398601398601398
96	5.0
97	4.93006993006993
98	5.153846153846154
99	5.6923076923076925
100	5.93006993006993
101	5.314685314685315
102	5.314685314685315
103	5.426573426573427
104	5.370629370629371
105	5.6223776223776225
106	5.034965034965035
107	5.524475524475524
108	5.055944055944056
109	5.048951048951049
110	4.965034965034965
111	5.321678321678322
112	4.3776223776223775
113	5.160839160839161
114	4.93006993006993
115	4.608391608391608
116	4.825174825174825
117	12.125874125874127
118	4.7272727272727275
119	4.496503496503497
120	4.580419580419581
121	4.769230769230769
122	5.048951048951049
123	4.713286713286713
124	5.20979020979021
125	5.419580419580419
126	4.79020979020979
127	4.986013986013986
128	4.776223776223776
129	5.090909090909091
130	4.9020979020979025
131	5.419580419580419
132	5.573426573426573
133	5.363636363636363
134	5.020979020979021
135	4.86013986013986
136	4.755244755244755
137	4.7272727272727275
138	4.846153846153846
139	5.454545454545454
140	5.153846153846154
141	4.923076923076923
142	4.783216783216783
143	4.608391608391608
144	4.783216783216783
145	4.489510489510489
146	4.874125874125874
147	5.27972027972028
148	5.251748251748252
149	4.461538461538462
150	4.93006993006993
151	5.111888111888112
152	4.3776223776223775
153	4.664335664335664
154	4.881118881118881
155	4.328671328671328
156	4.629370629370629
157	5.125874125874126
158	5.090909090909091
159	4.741258741258742
160	4.895104895104895
161	4.5174825174825175
162	4.629370629370629
163	5.090909090909091
164	4.503496503496503
165	4.769230769230769
166	4.636363636363637
167	5.433566433566433
168	4.5874125874125875
169	4.34965034965035
170	4.384615384615385
171	4.244755244755245
172	5.006993006993007
173	4.972027972027972
174	4.293706293706293
175	4.986013986013986
176	5.153846153846154
177	4.601398601398602
178	4.566433566433567
179	4.433566433566433
180	4.5874125874125875
181	4.629370629370629
182	4.6223776223776225
183	4.5524475524475525
184	5.0979020979020975
185	4.2027972027972025
186	4.4475524475524475
187	4.566433566433567
188	4.874125874125874
189	4.041958041958042
190	5.2727272727272725
191	4.398601398601398
192	4.174825174825175
193	4.706293706293707
194	4.818181818181818
195	4.489510489510489
196	4.7622377622377625
197	4.531468531468532
198	4.314685314685315
199	4.216783216783217
200	4.2727272727272725
201	4.1328671328671325
202	4.538461538461538
203	4.090909090909091
204	4.34965034965035
205	4.8671328671328675
206	4.034965034965035
207	4.1328671328671325
208	4.230769230769231
209	3.867132867132867
210	4.370629370629371
211	4.314685314685315
212	4.321678321678322
213	4.160839160839161
214	4.230769230769231
215	4.573426573426573
216	4.083916083916084
217	4.629370629370629
218	4.524475524475524
219	4.034965034965035
220	4.321678321678322
221	3.832167832167832
222	4.020979020979021
223	4.4825174825174825
224	4.181818181818182
225	4.083916083916084
226	3.6153846153846154
227	4.3776223776223775
228	3.5944055944055946
229	4.062937062937063
230	4.153846153846154
231	4.188811188811189
232	3.9510489510489513
233	4.321678321678322
234	4.041958041958042
235	3.979020979020979
236	4.020979020979021
237	3.888111888111888
238	3.965034965034965
239	3.5664335664335662
240	4.5174825174825175
241	3.874125874125874
242	4.090909090909091
243	3.979020979020979
244	4.125874125874126
245	4.265734265734266
246	4.27972027972028
247	4.181818181818182
248	4.111888111888112
249	3.923076923076923
250	3.902097902097902
251	3.664335664335664
252	4.34965034965035
253	3.979020979020979
254	4.566433566433567
255	3.7832167832167833
256	4.06993006993007
257	4.496503496503497
258	3.7202797202797204
259	3.4405594405594404
260	3.7902097902097904
261	4.195804195804196
262	3.5804195804195804
263	3.874125874125874
264	3.804195804195804
265	4.293706293706293
266	4.503496503496503
267	3.909090909090909
268	4.230769230769231
269	4.181818181818182
270	4.0
271	4.062937062937063
272	3.8111888111888113
273	3.972027972027972
274	4.076923076923077
275	4.076923076923077
276	4.125874125874126
277	3.839160839160839
278	4.300699300699301
279	3.7412587412587412
280	4.2727272727272725
281	3.6783216783216783
282	4.048951048951049
283	4.020979020979021
284	4.020979020979021
285	4.566433566433567
286	3.699300699300699
287	3.7902097902097904
288	4.118881118881119
289	3.629370629370629
290	4.244755244755245
291	3.825174825174825
292	3.7132867132867133
293	3.6013986013986012
294	4.2377622377622375
295	3.958041958041958
296	4.1328671328671325
297	4.06993006993007
298	3.7832167832167833
299	3.874125874125874
300	3.895104895104895
301	3.6713286713286712
302	3.888111888111888
303	3.979020979020979
304	3.4475524475524475
305	3.7062937062937062
306	3.7062937062937062
307	3.832167832167832
308	4.048951048951049
309	3.8461538461538463
310	3.7832167832167833
311	3.944055944055944
312	3.5944055944055946
313	3.5314685314685317
314	3.797202797202797
315	3.769230769230769
316	3.895104895104895
317	3.804195804195804
318	4.020979020979021
319	4.1328671328671325
320	3.832167832167832
321	3.5874125874125875
322	4.055944055944056
323	4.251748251748252
324	3.979020979020979
325	4.2377622377622375
326	3.895104895104895
327	3.895104895104895
328	3.993006993006993
329	3.629370629370629
330	3.7132867132867133
331	4.0979020979020975
332	4.020979020979021
333	4.027972027972028
334	3.8461538461538463
335	3.965034965034965
336	3.5314685314685317
337	3.7902097902097904
338	4.146853146853147
339	3.8181818181818183
340	3.664335664335664
341	4.3076923076923075
342	4.419580419580419
343	4.181818181818182
344	3.6783216783216783
345	3.6503496503496504
346	3.769230769230769
347	3.5524475524475525
348	3.6853146853146854
349	3.6713286713286712
350	3.6503496503496504
351	3.839160839160839
352	3.7062937062937062
353	3.6923076923076925
354	3.7762237762237763
355	3.6433566433566433
356	3.7412587412587412
357	3.839160839160839
358	3.4055944055944054
359	3.4825174825174825
360	4.006993006993007
361	3.727272727272727
362	3.6713286713286712
363	3.5174825174825175
364	3.7762237762237763
365	4.1328671328671325
366	3.699300699300699
367	3.5874125874125875
368	4.013986013986014
369	3.3426573426573425
370	3.7902097902097904
371	3.3636363636363638
372	3.8181818181818183
373	3.769230769230769
374	3.944055944055944
375	3.5594405594405596
376	3.4195804195804196
377	3.6013986013986012
378	3.265734265734266
379	3.5454545454545454
380	3.4055944055944054
381	3.629370629370629
382	3.7482517482517483
383	3.832167832167832
384	3.4405594405594404
385	3.4195804195804196
386	3.6433566433566433
387	3.6223776223776225
388	3.125874125874126
389	3.867132867132867
390	3.6713286713286712
391	3.4195804195804196
392	4.006993006993007
393	3.6013986013986012
394	3.3916083916083917
395	3.6503496503496504
396	3.727272727272727
397	3.5664335664335662
398	3.5664335664335662
399	3.4405594405594404
400	3.5664335664335662
401	3.4545454545454546
402	3.4755244755244754
403	3.8531468531468533
404	3.5384615384615383
405	3.4895104895104896
406	3.3776223776223775
407	3.629370629370629
408	3.5874125874125875
409	3.5034965034965033
410	3.6783216783216783
411	3.3636363636363638
412	3.4615384615384617
413	3.727272727272727
414	3.5594405594405596
415	3.5874125874125875
416	3.895104895104895
417	3.4825174825174825
418	3.8811188811188813
419	3.4265734265734267
420	3.6223776223776225
421	3.4755244755244754
422	3.6153846153846154
423	3.3146853146853146
424	3.699300699300699
425	3.5034965034965033
426	3.5734265734265733
427	3.2167832167832167
428	3.4755244755244754
429	3.6573426573426575
430	3.5384615384615383
431	3.5734265734265733
432	3.6363636363636362
433	3.5664335664335662
434	3.6503496503496504
435	3.6083916083916083
436	3.300699300699301
437	3.699300699300699
438	3.7552447552447554
439	3.3566433566433567
440	3.3216783216783217
441	3.5454545454545454
442	3.4545454545454546
443	3.6853146853146854
444	3.3286713286713288
445	3.6923076923076925
446	3.4755244755244754
447	3.762237762237762
448	3.4405594405594404
449	3.7202797202797204
450	3.3636363636363638
451	3.5454545454545454
452	3.5524475524475525
453	3.7762237762237763
454	3.7062937062937062
455	3.7202797202797204
456	3.335664335664336
457	3.4615384615384617
458	3.4265734265734267
459	3.6223776223776225
460	3.4335664335664338
461	3.6153846153846154
462	3.4895104895104896
463	3.4125874125874125
464	3.3146853146853146
465	3.7062937062937062
466	3.4195804195804196
467	3.6713286713286712
468	3.7902097902097904
469	3.4335664335664338
470	3.6223776223776225
471	3.202797202797203
472	3.272727272727273
473	3.5174825174825175
474	3.1818181818181817
475	3.2587412587412588
476	3.4825174825174825
477	3.300699300699301
478	3.5944055944055946
479	3.4685314685314683
480	3.2167832167832167
481	3.5804195804195804
482	3.4965034965034967
483	3.104895104895105
484	3.167832167832168
485	3.5944055944055946
486	3.3566433566433567
487	3.370629370629371
488	3.2587412587412588
489	3.300699300699301
490	3.2517482517482517
491	3.3986013986013988
492	3.5034965034965033
493	3.4125874125874125
494	3.3076923076923075
495	3.4405594405594404
496	3.3076923076923075
497	3.3776223776223775
498	3.265734265734266
499	3.3636363636363638
500	3.3916083916083917
501	3.4965034965034967
502	3.4545454545454546
503	3.055944055944056
504	3.3496503496503496
505	3.230769230769231
506	3.1818181818181817
507	3.1818181818181817
508	3.4265734265734267
509	3.1818181818181817
510	3.5314685314685317
511	3.265734265734266
512	3.4265734265734267
513	3.6573426573426575
514	3.5594405594405596
515	3.3636363636363638
516	3.4125874125874125
517	3.3076923076923075
518	3.3776223776223775
519	3.3216783216783217
520	3.4335664335664338
521	3.3286713286713288
522	3.300699300699301
523	3.6223776223776225
524	3.5384615384615383
525	3.3846153846153846
526	3.4195804195804196
527	3.4125874125874125
528	3.160839160839161
529	3.5104895104895104
530	3.4965034965034967
531	3.6223776223776225
532	3.7132867132867133
533	3.3076923076923075
534	3.4685314685314683
535	3.4615384615384617
536	3.5874125874125875
537	3.4965034965034967
538	3.6083916083916083
539	3.3426573426573425
540	3.272727272727273
541	3.4405594405594404
542	3.4265734265734267
543	3.5734265734265733
544	3.4545454545454546
545	3.2867132867132867
546	3.2867132867132867
547	3.3846153846153846
548	3.3636363636363638
549	3.4965034965034967
550	3.1468531468531467
551	3.5664335664335662
552	3.335664335664336
553	3.13986013986014
554	3.3426573426573425
555	3.3636363636363638
556	3.167832167832168
557	3.1188811188811187
558	3.3566433566433567
559	3.3776223776223775
560	3.3216783216783217
561	3.5734265734265733
562	3.3846153846153846
563	3.167832167832168
564	3.160839160839161
565	3.4195804195804196
566	3.4195804195804196
567	3.3286713286713288
568	3.2937062937062938
569	3.230769230769231
570	3.3146853146853146
571	3.2237762237762237
572	3.1468531468531467
573	3.2447552447552446
574	3.2517482517482517
575	3.3216783216783217
576	3.3776223776223775
577	3.300699300699301
578	3.2937062937062938
579	3.2797202797202796
580	3.272727272727273
581	3.167832167832168
582	3.3496503496503496
583	3.111888111888112
584	3.3146853146853146
585	3.2937062937062938
586	3.2937062937062938
587	3.027972027972028
588	3.13986013986014
589	3.4405594405594404
590	3.2517482517482517
591	3.3846153846153846
592	3.195804195804196
593	3.300699300699301
594	3.237762237762238
595	2.972027972027972
596	3.174825174825175
597	3.1818181818181817
598	3.0839160839160837
599	3.2797202797202796
600	3.174825174825175
601	3.2167832167832167
602	3.3776223776223775
603	3.1538461538461537
604	3.2167832167832167
605	3.2867132867132867
606	3.4055944055944054
607	3.4965034965034967
608	3.3636363636363638
609	3.3216783216783217
610	3.300699300699301
611	3.3776223776223775
612	3.4895104895104896
613	3.335664335664336
614	3.4475524475524475
615	3.3216783216783217
616	3.132867132867133
617	3.0489510489510487
618	3.3636363636363638
619	3.2867132867132867
620	3.335664335664336
621	3.4195804195804196
622	3.4125874125874125
623	3.629370629370629
624	3.335664335664336
625	3.3916083916083917
626	3.2867132867132867
627	3.3916083916083917
628	3.2587412587412588
629	3.4335664335664338
630	3.4335664335664338
631	3.4405594405594404
632	3.4055944055944054
633	3.3986013986013988
634	3.3846153846153846
635	3.2867132867132867
636	3.2587412587412588
637	3.3986013986013988
638	3.5174825174825175
639	3.272727272727273
640	3.020979020979021
641	3.4545454545454546
642	3.335664335664336
643	3.2797202797202796
644	3.370629370629371
645	3.4195804195804196
646	3.4125874125874125
647	3.4895104895104896
648	3.4685314685314683
649	3.3216783216783217
650	3.4825174825174825
651	3.237762237762238
652	3.8181818181818183
653	3.1468531468531467
654	3.237762237762238
655	3.2797202797202796
656	3.5734265734265733
657	3.3146853146853146
658	3.3636363636363638
659	3.4475524475524475
660	3.202797202797203
661	3.5034965034965033
662	3.2587412587412588
663	3.3496503496503496
664	3.2237762237762237
665	3.3146853146853146
666	3.5034965034965033
667	3.1818181818181817
668	3.3426573426573425
669	3.3076923076923075
670	3.370629370629371
671	3.5664335664335662
672	3.4335664335664338
673	3.237762237762238
674	3.111888111888112
675	3.4335664335664338
676	3.3566433566433567
677	3.1888111888111887
678	3.3916083916083917
679	3.300699300699301
680	3.5384615384615383
681	3.3846153846153846
682	3.3846153846153846
683	3.4055944055944054
684	3.3846153846153846
685	3.5244755244755246
686	3.167832167832168
687	3.4615384615384617
688	3.4685314685314683
689	3.3496503496503496
690	3.4335664335664338
691	3.2167832167832167
692	3.4195804195804196
693	3.335664335664336
694	3.4965034965034967
695	3.3566433566433567
696	3.4475524475524475
697	3.1888111888111887
698	3.4405594405594404
699	3.2517482517482517
700	3.4685314685314683
701	3.3986013986013988
702	3.4615384615384617
703	3.4475524475524475
704	3.3146853146853146
705	3.3636363636363638
706	3.2867132867132867
707	3.5384615384615383
708	3.2517482517482517
709	3.3846153846153846
710	3.335664335664336
711	3.4195804195804196
712	3.2867132867132867
713	3.167832167832168
714	3.4335664335664338
715	3.202797202797203
716	3.041958041958042
717	3.1538461538461537
718	3.230769230769231
719	3.104895104895105
720	3.1188811188811187
721	3.167832167832168
722	3.230769230769231
723	3.4965034965034967
724	3.2937062937062938
725	3.167832167832168
726	3.370629370629371
727	3.4125874125874125
728	3.237762237762238
729	3.2447552447552446
730	2.986013986013986
731	2.965034965034965
732	3.041958041958042
733	3.13986013986014
734	3.0839160839160837
735	3.125874125874126
736	3.111888111888112
737	3.076923076923077
738	3.1188811188811187
739	3.3286713286713288
740	3.3636363636363638
741	3.4475524475524475
742	3.300699300699301
743	3.3216783216783217
744	3.3146853146853146
745	3.195804195804196
746	3.174825174825175
747	3.062937062937063
748	3.2237762237762237
749	3.062937062937063
750	2.944055944055944
751	3.055944055944056
752	3.020979020979021
753	3.2097902097902096
754	2.9510489510489513
755	3.020979020979021
756	3.013986013986014
757	2.986013986013986
758	2.965034965034965
759	3.2167832167832167
760	3.013986013986014
761	3.076923076923077
762	3.055944055944056
763	3.202797202797203
764	2.937062937062937
765	3.062937062937063
766	2.993006993006993
767	3.132867132867133
768	3.0839160839160837
769	2.965034965034965
770	2.93006993006993
771	2.965034965034965
772	3.167832167832168
773	3.1468531468531467
774	2.972027972027972
775	2.895104895104895
776	2.972027972027972
777	3.034965034965035
778	2.986013986013986
779	3.4615384615384617
780	3.104895104895105
781	3.167832167832168
782	3.0839160839160837
783	3.076923076923077
784	3.167832167832168
785	3.167832167832168
786	3.1188811188811187
787	3.2587412587412588
788	3.2447552447552446
789	3.041958041958042
790	3.041958041958042
791	3.1468531468531467
792	3.062937062937063
793	2.895104895104895
794	3.111888111888112
795	3.062937062937063
796	3.0489510489510487
797	2.902097902097902
798	3.055944055944056
799	3.027972027972028
800	3.1888111888111887
801	2.8461538461538463
802	3.027972027972028
803	3.0489510489510487
804	3.097902097902098
805	3.160839160839161
806	3.034965034965035
807	2.986013986013986
808	3.0839160839160837
809	3.041958041958042
810	3.097902097902098
811	3.195804195804196
812	3.034965034965035
813	3.195804195804196
814	2.979020979020979
815	3.020979020979021
816	2.944055944055944
817	3.174825174825175
818	3.076923076923077
819	3.0839160839160837
820	2.965034965034965
821	3.1188811188811187
822	3.027972027972028
823	3.097902097902098
824	3.041958041958042
825	3.202797202797203
826	3.0
827	3.111888111888112
828	3.013986013986014
829	2.86013986013986
830	3.006993006993007
831	3.111888111888112
832	3.0
833	2.965034965034965
834	3.020979020979021
835	3.013986013986014
836	2.965034965034965
837	2.944055944055944
838	3.041958041958042
839	2.972027972027972
840	2.979020979020979
841	2.874125874125874
842	2.909090909090909
843	2.9160839160839163
844	2.839160839160839
845	3.027972027972028
846	2.9510489510489513
847	2.979020979020979
848	2.867132867132867
849	2.888111888111888
850	3.020979020979021
851	2.8811188811188813
852	2.804195804195804
853	2.888111888111888
854	2.8811188811188813
855	2.972027972027972
856	2.832167832167832
857	2.86013986013986
858	2.9510489510489513
859	2.986013986013986
860	2.986013986013986
861	2.888111888111888
862	3.0
863	2.93006993006993
864	2.8461538461538463
865	2.937062937062937
866	2.937062937062937
867	2.937062937062937
868	2.7762237762237763
869	3.0
870	2.937062937062937
871	2.888111888111888
872	2.8111888111888113
873	2.804195804195804
874	2.902097902097902
875	2.944055944055944
876	2.979020979020979
877	2.797202797202797
878	2.874125874125874
879	2.867132867132867
880	2.895104895104895
881	2.93006993006993
882	2.8531468531468533
883	2.867132867132867
884	2.965034965034965
885	2.986013986013986
886	2.867132867132867
887	2.944055944055944
888	2.972027972027972
889	2.874125874125874
890	2.8181818181818183
891	2.7902097902097904
892	2.839160839160839
893	2.86013986013986
894	2.8461538461538463
895	2.839160839160839
896	2.874125874125874
897	2.902097902097902
898	2.8531468531468533
899	2.7552447552447554
900	2.895104895104895
901	2.874125874125874
902	2.965034965034965
903	2.8531468531468533
904	2.909090909090909
905	2.867132867132867
906	2.832167832167832
907	2.944055944055944
908	2.8181818181818183
909	2.86013986013986
910	2.909090909090909
911	2.804195804195804
912	2.8111888111888113
913	2.895104895104895
914	2.979020979020979
915	2.825174825174825
916	2.825174825174825
917	3.0489510489510487
918	2.7412587412587412
919	2.909090909090909
920	2.93006993006993
921	2.9510489510489513
922	2.895104895104895
923	2.8181818181818183
924	2.7832167832167833
925	2.937062937062937
926	2.93006993006993
927	2.8181818181818183
928	2.7902097902097904
929	2.895104895104895
930	2.874125874125874
931	2.867132867132867
932	2.7902097902097904
933	2.8181818181818183
934	2.909090909090909
935	2.874125874125874
936	2.839160839160839
937	2.86013986013986
938	2.8461538461538463
939	2.923076923076923
940	2.8111888111888113
941	2.8111888111888113
942	2.909090909090909
943	3.041958041958042
944	2.895104895104895
945	2.8811188811188813
946	2.979020979020979
947	2.888111888111888
948	2.9160839160839163
949	2.923076923076923
950	2.965034965034965
951	2.797202797202797
952	2.832167832167832
953	2.874125874125874
954	2.993006993006993
955	2.965034965034965
956	3.0
957	2.7412587412587412
958	2.979020979020979
959	2.8181818181818183
960	2.86013986013986
961	2.93006993006993
962	3.0
963	2.797202797202797
964	2.797202797202797
965	2.86013986013986
966	2.937062937062937
967	2.888111888111888
968	2.909090909090909
969	2.993006993006993
970	2.8811188811188813
971	2.902097902097902
972	2.7552447552447554
973	2.7482517482517483
974	2.8181818181818183
975	2.923076923076923
976	2.867132867132867
977	2.832167832167832
978	2.797202797202797
979	2.8181818181818183
980	2.762237762237762
981	2.9160839160839163
982	2.8181818181818183
983	2.7762237762237763
984	2.874125874125874
985	2.902097902097902
986	2.867132867132867
987	2.909090909090909
988	2.832167832167832
989	2.86013986013986
990	2.7832167832167833
991	2.8461538461538463
992	2.874125874125874
993	2.7482517482517483
994	2.874125874125874
995	2.86013986013986
996	2.825174825174825
997	2.8461538461538463
998	2.86013986013986
999	2.825174825174825
1000	2.8111888111888113
1001	2.797202797202797
1002	2.902097902097902
1003	2.895104895104895
1004	2.867132867132867
1005	2.7902097902097904
1006	2.8111888111888113
1007	2.7762237762237763
1008	2.7832167832167833
1009	2.804195804195804
1010	2.769230769230769
1011	2.8811188811188813
1012	2.7482517482517483
1013	2.867132867132867
1014	2.8111888111888113
1015	2.734265734265734
1016	2.8111888111888113
1017	2.874125874125874
1018	2.86013986013986
1019	2.8461538461538463
1020	2.7902097902097904
1021	2.8111888111888113
1022	2.8181818181818183
1023	2.797202797202797
1024	2.86013986013986
1025	2.8531468531468533
1026	2.7482517482517483
1027	2.8111888111888113
1028	2.825174825174825
1029	2.7762237762237763
1030	2.699300699300699
1031	2.727272727272727
1032	2.825174825174825
1033	2.8111888111888113
1034	2.944055944055944
1035	2.8111888111888113
1036	2.832167832167832
1037	2.839160839160839
1038	2.762237762237762
1039	2.839160839160839
1040	2.7762237762237763
1041	2.832167832167832
1042	2.825174825174825
1043	2.9160839160839163
1044	2.867132867132867
1045	2.909090909090909
1046	2.909090909090909
1047	2.7482517482517483
1048	2.895104895104895
1049	2.8181818181818183
1050	2.7552447552447554
1051	2.769230769230769
1052	2.7762237762237763
1053	2.7762237762237763
1054	2.825174825174825
1055	2.867132867132867
1056	2.7482517482517483
1057	2.8531468531468533
1058	2.825174825174825
1059	2.832167832167832
1060	2.7762237762237763
1061	2.839160839160839
1062	2.923076923076923
1063	2.8811188811188813
1064	2.93006993006993
1065	2.7552447552447554
1066	2.8531468531468533
1067	2.7832167832167833
1068	2.874125874125874
1069	2.8111888111888113
1070	2.769230769230769
1071	2.867132867132867
1072	2.8111888111888113
1073	2.8181818181818183
1074	2.7202797202797204
1075	2.8461538461538463
1076	2.797202797202797
1077	2.888111888111888
1078	2.7202797202797204
1079	2.9160839160839163
1080	2.8181818181818183
1081	2.902097902097902
1082	2.797202797202797
1083	2.8461538461538463
1084	2.902097902097902
1085	2.832167832167832
1086	2.769230769230769
1087	2.825174825174825
1088	2.832167832167832
1089	2.762237762237762
1090	2.8181818181818183
1091	2.825174825174825
1092	2.8531468531468533
1093	2.8111888111888113
1094	2.734265734265734
1095	2.832167832167832
1096	2.797202797202797
1097	2.909090909090909
1098	2.832167832167832
1099	2.909090909090909
1100	2.769230769230769
1101	2.839160839160839
1102	2.972027972027972
1103	2.832167832167832
1104	2.7902097902097904
1105	2.727272727272727
1106	2.867132867132867
1107	2.762237762237762
1108	2.7482517482517483
1109	2.762237762237762
1110	2.839160839160839
1111	2.8461538461538463
1112	2.797202797202797
1113	2.839160839160839
1114	2.804195804195804
1115	2.797202797202797
1116	2.734265734265734
1117	2.8181818181818183
1118	2.8811188811188813
1119	2.7482517482517483
1120	2.8111888111888113
1121	2.923076923076923
1122	2.8181818181818183
1123	2.797202797202797
1124	2.839160839160839
1125	2.874125874125874
1126	2.8111888111888113
1127	2.804195804195804
1128	2.7902097902097904
1129	2.867132867132867
1130	2.888111888111888
1131	2.727272727272727
1132	2.7902097902097904
1133	2.7762237762237763
1134	2.825174825174825
1135	2.93006993006993
1136	2.7552447552447554
1137	2.9160839160839163
1138	2.8111888111888113
1139	2.8111888111888113
1140	2.804195804195804
1141	2.902097902097902
1142	2.797202797202797
1143	2.7552447552447554
1144	2.8111888111888113
1145	2.7202797202797204
1146	2.93006993006993
1147	2.902097902097902
1148	2.8461538461538463
1149	2.7832167832167833
1150	2.762237762237762
1151	2.8461538461538463
1152	2.832167832167832
1153	2.7552447552447554
1154	2.7552447552447554
1155	2.797202797202797
1156	2.762237762237762
1157	2.825174825174825
1158	2.867132867132867
1159	2.839160839160839
1160	2.832167832167832
1161	2.909090909090909
1162	2.867132867132867
1163	2.7552447552447554
1164	2.7412587412587412
1165	2.8111888111888113
1166	2.762237762237762
1167	2.874125874125874
1168	2.8531468531468533
1169	2.867132867132867
1170	2.8111888111888113
1171	2.8111888111888113
1172	2.825174825174825
1173	2.769230769230769
1174	2.8531468531468533
1175	2.8461538461538463
1176	2.8111888111888113
1177	2.8111888111888113
1178	2.769230769230769
1179	2.9160839160839163
1180	2.7132867132867133
1181	2.839160839160839
1182	2.7902097902097904
1183	2.832167832167832
1184	2.8461538461538463
1185	2.895104895104895
1186	2.867132867132867
1187	2.797202797202797
1188	2.7902097902097904
1189	2.8461538461538463
1190	2.888111888111888
1191	2.7552447552447554
1192	2.7902097902097904
1193	2.8181818181818183
1194	2.727272727272727
1195	2.804195804195804
1196	2.769230769230769
1197	2.7902097902097904
1198	2.888111888111888
1199	2.769230769230769
1200	2.839160839160839
1201	2.874125874125874
1202	2.762237762237762
1203	2.7482517482517483
1204	2.8181818181818183
1205	2.7832167832167833
1206	2.839160839160839
1207	2.804195804195804
1208	2.7832167832167833
1209	2.797202797202797
1210	2.8461538461538463
1211	2.7552447552447554
1212	2.832167832167832
1213	2.7832167832167833
1214	2.7762237762237763
1215	2.769230769230769
1216	2.8111888111888113
1217	2.867132867132867
1218	2.8181818181818183
1219	2.839160839160839
1220	2.762237762237762
1221	2.8531468531468533
1222	2.7762237762237763
1223	2.7552447552447554
1224	2.7762237762237763
1225	2.7902097902097904
1226	2.867132867132867
1227	2.874125874125874
1228	2.7902097902097904
1229	2.7762237762237763
1230	2.8181818181818183
1231	2.7832167832167833
1232	2.8461538461538463
1233	2.7132867132867133
1234	2.797202797202797
1235	2.7902097902097904
1236	2.7762237762237763
1237	2.8531468531468533
1238	2.839160839160839
1239	2.804195804195804
1240	2.797202797202797
1241	2.7062937062937062
1242	2.7762237762237763
1243	2.8811188811188813
1244	2.8111888111888113
1245	2.7412587412587412
1246	2.867132867132867
1247	2.762237762237762
1248	2.7552447552447554
1249	2.8181818181818183
1250	2.7832167832167833
1251	2.8461538461538463
1252	2.7202797202797204
1253	2.8111888111888113
1254	2.7762237762237763
1255	2.7412587412587412
1256	2.8111888111888113
1257	2.7552447552447554
1258	2.7902097902097904
1259	2.7412587412587412
1260	2.7552447552447554
1261	2.8111888111888113
1262	2.839160839160839
1263	2.7832167832167833
1264	2.8531468531468533
1265	2.7902097902097904
1266	2.895104895104895
1267	2.762237762237762
1268	2.762237762237762
1269	2.727272727272727
1270	2.734265734265734
1271	2.7762237762237763
1272	2.8111888111888113
1273	2.7062937062937062
1274	2.7132867132867133
1275	2.7832167832167833
1276	2.7902097902097904
1277	2.7412587412587412
1278	2.7762237762237763
1279	2.7902097902097904
1280	2.769230769230769
1281	2.734265734265734
1282	2.895104895104895
1283	2.804195804195804
1284	2.734265734265734
1285	2.895104895104895
1286	2.832167832167832
1287	2.7552447552447554
1288	2.769230769230769
1289	2.7832167832167833
1290	2.762237762237762
1291	2.832167832167832
1292	2.7412587412587412
1293	2.7482517482517483
1294	2.7412587412587412
1295	2.7412587412587412
1296	2.825174825174825
1297	2.825174825174825
1298	2.825174825174825
1299	2.734265734265734
1300	2.804195804195804
1301	2.734265734265734
1302	2.762237762237762
1303	2.7132867132867133
1304	2.7412587412587412
1305	2.7552447552447554
1306	2.769230769230769
1307	2.797202797202797
1308	2.8111888111888113
1309	2.769230769230769
1310	2.7552447552447554
1311	2.7902097902097904
1312	2.832167832167832
1313	2.7412587412587412
1314	2.7062937062937062
1315	2.7832167832167833
1316	2.825174825174825
1317	2.762237762237762
1318	2.7552447552447554
1319	2.762237762237762
1320	2.7482517482517483
1321	2.699300699300699
1322	2.7552447552447554
1323	2.727272727272727
1324	2.762237762237762
1325	2.6923076923076925
1326	2.762237762237762
1327	2.7412587412587412
1328	2.7832167832167833
1329	2.6853146853146854
1330	2.7412587412587412
1331	2.7762237762237763
1332	2.7832167832167833
1333	2.7412587412587412
1334	2.762237762237762
1335	2.797202797202797
1336	2.804195804195804
1337	2.769230769230769
1338	2.7762237762237763
1339	2.769230769230769
1340	2.7762237762237763
1341	2.8111888111888113
1342	2.7412587412587412
1343	2.8531468531468533
1344	2.727272727272727
1345	2.7552447552447554
1346	2.7762237762237763
1347	2.7552447552447554
1348	2.762237762237762
1349	2.832167832167832
1350	2.7202797202797204
1351	2.769230769230769
1352	2.734265734265734
1353	2.8181818181818183
1354	2.7482517482517483
1355	2.7902097902097904
1356	2.797202797202797
1357	2.797202797202797
1358	2.7902097902097904
1359	2.7902097902097904
1360	2.769230769230769
1361	2.7482517482517483
1362	2.797202797202797
1363	2.699300699300699
1364	2.734265734265734
1365	2.699300699300699
1366	2.7412587412587412
1367	2.762237762237762
1368	2.8461538461538463
1369	2.7412587412587412
1370	2.804195804195804
1371	2.762237762237762
1372	2.7902097902097904
1373	2.7062937062937062
1374	2.7552447552447554
1375	2.727272727272727
1376	2.7132867132867133
1377	2.8111888111888113
1378	2.7412587412587412
1379	2.6783216783216783
1380	2.797202797202797
1381	2.8461538461538463
1382	2.762237762237762
1383	2.7482517482517483
1384	2.7412587412587412
1385	2.7202797202797204
1386	2.7762237762237763
1387	2.6923076923076925
1388	2.7202797202797204
1389	2.7552447552447554
1390	2.7762237762237763
1391	2.7482517482517483
1392	2.7482517482517483
1393	2.7482517482517483
1394	2.825174825174825
1395	2.7412587412587412
1396	2.734265734265734
1397	2.7412587412587412
1398	2.727272727272727
1399	2.734265734265734
1400	2.7132867132867133
1401	2.804195804195804
1402	2.7412587412587412
1403	2.7552447552447554
1404	2.7202797202797204
1405	2.7482517482517483
1406	2.8531468531468533
1407	2.762237762237762
1408	2.7412587412587412
1409	2.727272727272727
1410	2.727272727272727
1411	2.734265734265734
1412	2.727272727272727
1413	2.7412587412587412
1414	2.8111888111888113
1415	2.7202797202797204
1416	2.7762237762237763
1417	2.734265734265734
1418	2.769230769230769
1419	2.734265734265734
1420	2.727272727272727
1421	2.762237762237762
1422	2.734265734265734
1423	2.7062937062937062
1424	2.727272727272727
1425	2.7202797202797204
1426	2.6783216783216783
1427	2.7552447552447554
1428	2.804195804195804
1429	2.8461538461538463
1430	2.832167832167832
1431	2.734265734265734
1432	2.7762237762237763
1433	2.7832167832167833
1434	2.7202797202797204
1435	2.769230769230769
1436	2.7202797202797204
1437	2.762237762237762
1438	2.7552447552447554
1439	2.7202797202797204
1440	2.7832167832167833
1441	2.7832167832167833
1442	2.7832167832167833
1443	2.7202797202797204
1444	2.7412587412587412
1445	2.797202797202797
1446	2.804195804195804
1447	2.7132867132867133
1448	2.7412587412587412
1449	2.7832167832167833
1450	2.7482517482517483
1451	2.699300699300699
1452	2.664335664335664
1453	2.7412587412587412
1454	2.6923076923076925
1455	2.769230769230769
1456	2.699300699300699
1457	2.7552447552447554
1458	2.7412587412587412
1459	2.762237762237762
1460	2.769230769230769
1461	2.734265734265734
1462	2.7902097902097904
1463	2.762237762237762
1464	2.699300699300699
1465	2.797202797202797
1466	2.734265734265734
1467	2.8111888111888113
1468	2.7412587412587412
1469	2.7482517482517483
1470	2.7132867132867133
1471	2.734265734265734
1472	2.769230769230769
1473	2.769230769230769
1474	2.734265734265734
1475	2.7202797202797204
1476	2.734265734265734
1477	2.7202797202797204
1478	2.769230769230769
1479	2.797202797202797
1480	2.734265734265734
1481	2.8111888111888113
1482	2.804195804195804
1483	2.895104895104895
1484	2.797202797202797
1485	2.797202797202797
1486	2.7552447552447554
1487	2.804195804195804
1488	2.7552447552447554
1489	2.7902097902097904
1490	2.727272727272727
1491	2.762237762237762
1492	2.7482517482517483
1493	2.6853146853146854
1494	2.7482517482517483
1495	2.7832167832167833
1496	2.86013986013986
1497	2.86013986013986
1498	2.7202797202797204
1499	2.832167832167832
1500	2.7762237762237763
1501	2.7902097902097904
1502	2.7202797202797204
1503	2.7762237762237763
1504	2.7762237762237763
1505	2.7552447552447554
1506	2.804195804195804
1507	2.7552447552447554
1508	2.734265734265734
1509	2.6853146853146854
1510	2.734265734265734
1511	2.7482517482517483
1512	2.7482517482517483
1513	2.769230769230769
1514	2.7552447552447554
1515	2.7902097902097904
1516	2.734265734265734
1517	2.7902097902097904
1518	2.7412587412587412
1519	2.7482517482517483
1520	2.804195804195804
1521	2.734265734265734
1522	2.7132867132867133
1523	2.7762237762237763
1524	2.7202797202797204
1525	2.797202797202797
1526	2.769230769230769
1527	2.762237762237762
1528	2.734265734265734
1529	2.699300699300699
1530	2.7062937062937062
1531	2.8111888111888113
1532	2.7202797202797204
1533	2.7062937062937062
1534	2.727272727272727
1535	2.6853146853146854
1536	2.7412587412587412
1537	2.734265734265734
1538	2.7412587412587412
1539	2.7482517482517483
1540	2.7482517482517483
1541	2.734265734265734
1542	2.7762237762237763
1543	2.8181818181818183
1544	2.797202797202797
1545	2.734265734265734
1546	2.7762237762237763
1547	2.6783216783216783
1548	2.7552447552447554
1549	2.804195804195804
1550	2.6923076923076925
1551	2.7552447552447554
1552	2.7132867132867133
1553	2.734265734265734
1554	2.7482517482517483
1555	2.762237762237762
1556	2.734265734265734
1557	2.734265734265734
1558	2.734265734265734
1559	2.664335664335664
1560	2.8111888111888113
1561	2.769230769230769
1562	2.7552447552447554
1563	2.7132867132867133
1564	2.762237762237762
1565	2.7482517482517483
1566	2.727272727272727
1567	2.7062937062937062
1568	2.734265734265734
1569	2.7552447552447554
1570	2.7202797202797204
1571	2.7762237762237763
1572	2.839160839160839
1573	2.7832167832167833
1574	2.7832167832167833
1575	2.804195804195804
1576	2.7412587412587412
1577	2.7202797202797204
1578	2.7902097902097904
1579	2.8181818181818183
1580	2.699300699300699
1581	2.8181818181818183
1582	2.7832167832167833
1583	2.7552447552447554
1584	2.7412587412587412
1585	2.6923076923076925
1586	2.7552447552447554
1587	2.7482517482517483
1588	2.769230769230769
1589	2.8111888111888113
1590	2.727272727272727
1591	2.727272727272727
1592	2.762237762237762
1593	2.7202797202797204
1594	2.7552447552447554
1595	2.7762237762237763
1596	2.7132867132867133
1597	2.839160839160839
1598	2.804195804195804
1599	2.6923076923076925
1600	2.7132867132867133
1601	2.7132867132867133
1602	2.6923076923076925
1603	2.7202797202797204
1604	2.7762237762237763
1605	2.8181818181818183
1606	2.7412587412587412
1607	2.727272727272727
1608	2.7202797202797204
1609	2.727272727272727
1610	2.734265734265734
1611	2.7202797202797204
1612	2.734265734265734
1613	2.769230769230769
1614	2.804195804195804
1615	2.804195804195804
1616	2.804195804195804
1617	2.8461538461538463
1618	2.699300699300699
1619	2.734265734265734
1620	2.7482517482517483
1621	2.7832167832167833
1622	2.727272727272727
1623	2.839160839160839
1624	2.7832167832167833
1625	2.727272727272727
1626	2.734265734265734
1627	2.7552447552447554
1628	2.8181818181818183
1629	2.699300699300699
1630	2.6923076923076925
1631	2.727272727272727
1632	2.727272727272727
1633	2.7482517482517483
1634	2.734265734265734
1635	2.762237762237762
1636	2.7482517482517483
1637	2.762237762237762
1638	2.727272727272727
1639	2.7552447552447554
1640	2.6853146853146854
1641	2.734265734265734
1642	2.7202797202797204
1643	2.727272727272727
1644	2.734265734265734
1645	2.7552447552447554
1646	2.7762237762237763
1647	2.7482517482517483
1648	2.8811188811188813
1649	2.7482517482517483
1650	2.7762237762237763
1651	2.7132867132867133
1652	2.8181818181818183
1653	2.7552447552447554
1654	2.7412587412587412
1655	2.7482517482517483
1656	2.734265734265734
1657	2.727272727272727
1658	2.7552447552447554
1659	2.6573426573426575
1660	2.7062937062937062
1661	2.7552447552447554
1662	2.699300699300699
1663	2.769230769230769
1664	2.727272727272727
1665	2.769230769230769
1666	2.7762237762237763
1667	2.8111888111888113
1668	2.7762237762237763
1669	2.769230769230769
1670	2.8111888111888113
1671	2.7832167832167833
1672	2.7132867132867133
1673	2.7552447552447554
1674	2.797202797202797
1675	2.769230769230769
1676	2.7202797202797204
1677	2.727272727272727
1678	2.7412587412587412
1679	2.7762237762237763
1680	2.727272727272727
1681	2.7062937062937062
1682	2.734265734265734
1683	2.762237762237762
1684	2.7482517482517483
1685	2.762237762237762
1686	2.734265734265734
1687	2.7412587412587412
1688	2.7062937062937062
1689	2.734265734265734
1690	2.7202797202797204
1691	2.825174825174825
1692	2.797202797202797
1693	2.8111888111888113
1694	2.7762237762237763
1695	2.7132867132867133
1696	2.7552447552447554
1697	2.7552447552447554
1698	2.727272727272727
1699	2.7062937062937062
1700	2.7552447552447554
1701	2.839160839160839
1702	2.699300699300699
1703	2.7552447552447554
1704	2.727272727272727
1705	2.727272727272727
1706	2.7202797202797204
1707	2.734265734265734
1708	2.7552447552447554
1709	2.7832167832167833
1710	2.797202797202797
1711	2.7482517482517483
1712	2.7202797202797204
1713	2.8531468531468533
1714	2.7412587412587412
1715	2.7132867132867133
1716	2.7062937062937062
1717	2.804195804195804
1718	2.762237762237762
1719	2.804195804195804
1720	2.7062937062937062
1721	2.7202797202797204
1722	2.699300699300699
1723	2.7062937062937062
1724	2.769230769230769
1725	2.7412587412587412
1726	2.727272727272727
1727	2.762237762237762
1728	2.797202797202797
1729	2.7762237762237763
1730	2.832167832167832
1731	2.7482517482517483
1732	2.7552447552447554
1733	2.7412587412587412
1734	2.825174825174825
1735	2.7132867132867133
1736	2.769230769230769
1737	2.6783216783216783
1738	2.7132867132867133
1739	2.734265734265734
1740	2.7902097902097904
1741	2.6923076923076925
1742	2.734265734265734
1743	2.6783216783216783
1744	2.7412587412587412
1745	2.804195804195804
1746	2.762237762237762
1747	2.734265734265734
1748	2.727272727272727
1749	2.7482517482517483
1750	2.7552447552447554
1751	2.734265734265734
1752	2.7412587412587412
1753	2.727272727272727
1754	2.7132867132867133
1755	2.7552447552447554
1756	2.7202797202797204
1757	2.7202797202797204
1758	2.7482517482517483
1759	2.7132867132867133
1760	2.7762237762237763
1761	2.727272727272727
1762	2.825174825174825
1763	2.7412587412587412
1764	2.734265734265734
1765	2.727272727272727
1766	2.7832167832167833
1767	2.762237762237762
1768	2.7482517482517483
1769	2.699300699300699
1770	2.6923076923076925
1771	2.7412587412587412
1772	2.762237762237762
1773	2.7062937062937062
1774	2.762237762237762
1775	2.7482517482517483
1776	2.7202797202797204
1777	2.7482517482517483
1778	2.7132867132867133
1779	2.734265734265734
1780	2.699300699300699
1781	2.734265734265734
1782	2.7482517482517483
1783	2.7202797202797204
1784	2.7202797202797204
1785	2.7482517482517483
1786	2.727272727272727
1787	2.7482517482517483
1788	2.8181818181818183
1789	2.734265734265734
1790	2.769230769230769
1791	2.804195804195804
1792	2.6923076923076925
1793	2.7132867132867133
1794	2.727272727272727
1795	2.699300699300699
1796	2.7062937062937062
1797	2.727272727272727
1798	2.7132867132867133
1799	2.7062937062937062
1800	2.7062937062937062
1801	2.7062937062937062
1802	2.6923076923076925
1803	2.769230769230769
1804	2.7412587412587412
1805	2.6923076923076925
1806	2.6923076923076925
1807	2.6923076923076925
1808	2.7552447552447554
1809	2.7412587412587412
1810	2.762237762237762
1811	2.7482517482517483
1812	2.762237762237762
1813	2.699300699300699
1814	2.699300699300699
1815	2.6853146853146854
1816	2.769230769230769
1817	2.6923076923076925
1818	2.7132867132867133
1819	2.7062937062937062
1820	2.699300699300699
1821	2.762237762237762
1822	2.7482517482517483
1823	2.7132867132867133
1824	2.6713286713286712
1825	2.727272727272727
1826	2.7202797202797204
1827	2.7552447552447554
1828	2.762237762237762
1829	2.734265734265734
1830	2.7762237762237763
1831	2.664335664335664
1832	2.664335664335664
1833	2.7132867132867133
1834	2.6853146853146854
1835	2.7552447552447554
1836	2.734265734265734
1837	2.7202797202797204
1838	2.734265734265734
1839	2.699300699300699
1840	2.734265734265734
1841	2.7202797202797204
1842	2.7062937062937062
1843	2.769230769230769
1844	2.7062937062937062
1845	2.7132867132867133
1846	2.699300699300699
1847	2.7412587412587412
1848	2.734265734265734
1849	2.762237762237762
1850	2.727272727272727
1851	2.6923076923076925
1852	2.7412587412587412
1853	2.7412587412587412
1854	2.7482517482517483
1855	2.7132867132867133
1856	2.7412587412587412
1857	2.7762237762237763
1858	2.7202797202797204
1859	2.7202797202797204
1860	2.6853146853146854
1861	2.7482517482517483
1862	2.699300699300699
1863	2.6923076923076925
1864	2.727272727272727
1865	2.7832167832167833
1866	2.6783216783216783
1867	2.7132867132867133
1868	2.734265734265734
1869	2.727272727272727
1870	2.7202797202797204
1871	2.734265734265734
1872	2.727272727272727
1873	2.734265734265734
1874	2.6923076923076925
1875	2.769230769230769
1876	2.7132867132867133
1877	2.7902097902097904
1878	2.6853146853146854
1879	2.762237762237762
1880	2.727272727272727
1881	2.762237762237762
1882	2.664335664335664
1883	2.7552447552447554
1884	2.7062937062937062
1885	2.6923076923076925
1886	2.7902097902097904
1887	2.6923076923076925
1888	2.7132867132867133
1889	2.7202797202797204
1890	2.7202797202797204
1891	2.6923076923076925
1892	2.7202797202797204
1893	2.7062937062937062
1894	2.762237762237762
1895	2.7552447552447554
1896	2.7062937062937062
1897	2.7132867132867133
1898	2.6923076923076925
1899	2.699300699300699
1900	2.699300699300699
1901	2.7132867132867133
1902	2.7202797202797204
1903	2.6783216783216783
1904	2.7832167832167833
1905	2.7552447552447554
1906	2.7202797202797204
1907	2.734265734265734
1908	2.664335664335664
1909	2.727272727272727
1910	2.762237762237762
1911	2.727272727272727
1912	2.6573426573426575
1913	2.7552447552447554
1914	2.727272727272727
1915	2.6713286713286712
1916	2.762237762237762
1917	2.7762237762237763
1918	2.7202797202797204
1919	2.699300699300699
1920	2.7412587412587412
1921	2.727272727272727
1922	2.6923076923076925
1923	2.6923076923076925
1924	2.7132867132867133
1925	2.7062937062937062
1926	2.6853146853146854
1927	2.7202797202797204
1928	2.7132867132867133
1929	2.7412587412587412
1930	2.7062937062937062
1931	2.6923076923076925
1932	2.699300699300699
1933	2.7202797202797204
1934	2.727272727272727
1935	2.699300699300699
1936	2.6923076923076925
1937	2.8111888111888113
1938	2.7482517482517483
1939	2.7062937062937062
1940	2.734265734265734
1941	2.7062937062937062
1942	2.7832167832167833
1943	2.6923076923076925
1944	2.734265734265734
1945	2.6713286713286712
1946	2.6923076923076925
1947	2.6853146853146854
1948	2.7482517482517483
1949	2.699300699300699
1950	2.6923076923076925
1951	2.6853146853146854
1952	2.699300699300699
1953	2.7482517482517483
1954	2.7132867132867133
1955	2.6923076923076925
1956	2.6783216783216783
1957	2.664335664335664
1958	2.7132867132867133
1959	2.7202797202797204
1960	2.6853146853146854
1961	2.7482517482517483
1962	2.769230769230769
1963	2.7762237762237763
1964	2.6713286713286712
1965	2.7062937062937062
1966	2.769230769230769
1967	2.7062937062937062
1968	2.7062937062937062
1969	2.734265734265734
1970	2.699300699300699
1971	2.7482517482517483
1972	2.762237762237762
1973	2.797202797202797
1974	2.7132867132867133
1975	2.7132867132867133
1976	2.7552447552447554
1977	2.6783216783216783
1978	2.769230769230769
1979	2.699300699300699
1980	2.6923076923076925
1981	2.6923076923076925
1982	2.664335664335664
1983	2.6853146853146854
1984	2.6923076923076925
1985	2.7202797202797204
1986	2.7762237762237763
1987	2.727272727272727
1988	2.7482517482517483
1989	2.699300699300699
1990	2.7552447552447554
1991	2.7552447552447554
1992	2.7552447552447554
1993	2.699300699300699
1994	2.7062937062937062
1995	2.6923076923076925
1996	2.6853146853146854
1997	2.7132867132867133
1998	2.6853146853146854
1999	2.699300699300699
